{
    "accuracy": 0.9491371480472298,
    "precision": 0.890625,
    "recall": 0.7307692307692307,
    "auc": 0.9406695156695157
}